id;nome;cpf;data_nascimento;criado
1;Buckinghamshire transmitting;multimedia;2021-08-09;2021-08-10T13:39:27
2;Quetzal Crianças Data;program;2021-08-09;2021-08-09T21:39:10
3;Leone Roraima;Janeiro;2021-08-09;2021-08-10T07:38:47
4;program Rústico;Berkshire user-centric Madeira;2021-08-09;2021-08-10T06:08:21
5;program Forward;Automotivo Marginal;2021-08-09;2021-08-09T21:27:13
6;Genérico morph;withdrawal empower microchip;2021-08-09;2021-08-10T00:15:17
7;to Front-line;Montserrat Corporate;2021-08-09;2021-08-10T15:15:55
8;Luvas motivating virtual;Bedfordshire;2021-08-10;2021-08-10T08:16:41
9;impactful Tunísia Pound;generating Incrível e-commerce;2021-08-10;2021-08-10T11:44:01
10;methodology invoice CSS;Refinado Uganda;2021-08-10;2021-08-09T23:42:10
